rank,batch,position,input_token_id,target_token_id,d_navigator_to_target,d_rescuer_to_target,absolute_distance_reduction,relative_improvement_pct
1,18,2,512,28,22.62905502319336,1.4140191078186035,21.215036392211914,93.75131225585938
2,0,5,879,90,22.61486053466797,1.4417630434036255,21.173097610473633,93.62471008300781
3,5,23,841,62,22.64400291442871,1.527720332145691,21.116283416748047,93.2533187866211
4,15,20,895,48,22.6342830657959,1.5729974508285522,21.0612850189209,93.05036926269531
5,10,6,694,108,22.66495132446289,1.8213599920272827,20.843591690063477,91.96398162841797
